UniqueID,Nutrient_Clusters,Nutrient_PC1,Nutrient_PC2
1_2016-July,,,
1_2016-May,,,
1_2016-January,,,
2_2016-July,,,
2_2016-May,,,
2_2016-January,,,
3_2016-July,,,
3_2016-May,,,
3_2016-January,,,
4_2016-July,,,
4_2016-May,,,
4_2016-January,,,
5_2016-July,,,
5_2016-January,,,
6_2016-July,,,
6_2016-May,,,
6_2016-January,,,
7_2016-July,,,
7_2016-May,,,
7_2016-January,,,
8_2016-July,,,
8_2016-January,,,
9_2016-July,,,
9_2016-May,,,
9_2016-January,,,
10_2016-July,,,
10_2016-May,,,
10_2016-January,,,
11_2016-July,,,
11_2016-May,,,
11_2016-January,,,
12_2016-July,,,
12_2016-May,,,
12_2016-January,,,
13_2016-July,,,
13_2016-May,,,
13_2016-January,,,
14_2016-July,,,
14_2016-May,,,
14_2016-January,,,
16_2016-July,,,
16_2016-May,,,
16_2016-January,,,
17_2016-July,,,
17_2016-January,,,
18_2016-July,,,
18_2016-January,,,
19_2016-July,,,
19_2016-January,,,
20_2016-July,,,
20_2016-January,,,
21_2016-July,,,
21_2016-May,,,
21_2016-January,,,
22_2016-July,,,
22_2016-May,,,
22_2016-January,,,
23_2016-July,,,
23_2016-January,,,
24_2016-July,,,
24_2016-May,,,
24_2016-January,,,
25_2016-July,,,
25_2016-May,,,
25_2016-January,,,
26_2016-July,,,
26_2016-May,,,
26_2016-January,,,
27_2016-July,,,
27_2016-May,,,
27_2016-January,,,
28_2016-July,,,
28_2016-May,,,
28_2016-January,,,
29_2016-July,,,
29_2016-May,,,
29_2016-January,,,
30_2016-July,,,
30_2016-May,,,
30_2016-January,,,
31_2016-July,,,
31_2016-May,,,
31_2016-January,,,
32_2016-July,,,
32_2016-May,,,
32_2016-January,,,
33_2016-July,,,
33_2016-May,,,
33_2016-January,,,
34_2016-July,,,
34_2016-May,,,
34_2016-January,,,
35_2016-July,,,
35_2016-May,,,
35_2016-January,,,
36_2016-July,,,
36_2016-May,,,
36_2016-January,,,
37_2016-July,,,
37_2016-May,,,
37_2016-January,,,
38_2016-July,,,
38_2016-May,,,
38_2016-January,,,
39_2016-July,,,
39_2016-January,,,
40_2016-July,,,
40_2016-May,,,
40_2016-January,,,
41_2016-July,,,
41_2016-May,,,
41_2016-January,,,
42_2016-July,,,
42_2016-May,,,
43_2016-July,,,
43_2016-May,,,
43_2016-January,,,
44_2016-July,,,
44_2016-May,,,
44_2016-January,,,
45_2016-July,,,
45_2016-May,,,
45_2016-January,,,
46_2016-July,,,
46_2016-May,,,
46_2016-January,,,
47_2016-July,,,
47_2016-May,,,
47_2016-January,,,
48_2016-July,,,
48_2016-May,,,
48_2016-January,,,
49_2016-July,,,
50_2016-July,,,
50_2016-May,,,
50_2016-January,,,
51_2016-July,,,
51_2016-May,,,
51_2016-January,,,
52_2016-July,,,
52_2016-May,,,
52_2016-January,,,
53_2016-July,,,
53_2016-May,,,
53_2016-January,,,
54_2016-May,,,
54_2016-January,,,
55_2016-May,,,
55_2016-January,,,
56_2016-July,,,
56_2016-May,,,
56_2016-January,,,
57_2016-July,,,
57_2016-May,,,
57_2016-January,,,
58_2016-July,,,
58_2016-May,,,
58_2016-January,,,
59_2016-July,,,
59_2016-May,,,
59_2016-January,,,
60_2016-July,,,
60_2016-May,,,
60_2016-January,,,
61_2016-July,,,
61_2016-May,,,
61_2016-January,,,
62_2016-July,,,
62_2016-May,,,
62_2016-January,,,
63_2016-July,,,
63_2016-May,,,
63_2016-January,,,
64_2016-July,,,
64_2016-May,,,
64_2016-January,,,
65_2016-July,,,
65_2016-May,,,
65_2016-January,,,
66_2016-July,,,
66_2016-May,,,
66_2016-January,,,
67_2016-July,,,
67_2016-May,,,
67_2016-January,,,
68_2016-July,,,
68_2016-May,,,
68_2016-January,,,
69_2016-July,,,
69_2016-May,,,
69_2016-January,,,
70_2016-July,,,
70_2016-May,,,
70_2016-January,,,
71_2016-July,,,
71_2016-May,,,
71_2016-January,,,
72_2016-July,,,
72_2016-May,,,
73_2016-July,,,
73_2016-May,,,
73_2016-January,,,
74_2016-July,,,
74_2016-May,,,
74_2016-January,,,
75_2016-May,,,
75_2016-January,,,
76_2016-July,,,
76_2016-May,,,
76_2016-January,,,
77_2016-July,,,
77_2016-May,,,
77_2016-January,,,
78_2016-July,,,
78_2016-May,,,
78_2016-January,,,
79_2016-July,,,
79_2016-January,,,
80_2016-July,,,
80_2016-May,,,
80_2016-January,,,
81_2016-July,,,
81_2016-May,,,
81_2016-January,,,
82_2016-July,,,
82_2016-May,,,
82_2016-January,,,
83_2016-July,,,
83_2016-May,,,
83_2016-January,,,
84_2016-July,,,
84_2016-May,,,
84_2016-January,,,
85_2016-July,,,
85_2016-January,,,
86_2016-July,,,
86_2016-May,,,
86_2016-January,,,
87_2016-July,,,
87_2016-May,,,
87_2016-January,,,
88_2016-July,,,
88_2016-May,,,
88_2016-January,,,
89_2016-July,,,
89_2016-May,,,
89_2016-January,,,
90_2016-July,,,
90_2016-May,,,
90_2016-January,,,
91_2016-July,,,
91_2016-May,,,
91_2016-January,,,
92_2016-July,,,
92_2016-May,,,
92_2016-January,,,
93_2016-July,,,
93_2016-May,,,
93_2016-January,,,
94_2016-July,,,
94_2016-May,,,
94_2016-January,,,
95_2016-July,,,
95_2016-May,,,
95_2016-January,,,
96_2016-July,,,
96_2016-May,,,
96_2016-January,,,
97_2016-July,,,
97_2016-May,,,
97_2016-January,,,
98_2016-July,,,
98_2016-May,,,
98_2016-January,,,
99_2016-July,,,
99_2016-May,,,
99_2016-January,,,
100_2016-July,,,
100_2016-May,,,
100_2016-January,,,
101_2016-July,,,
101_2016-May,,,
101_2016-January,,,
102_2016-July,,,
102_2016-May,,,
102_2016-January,,,
103_2016-July,,,
103_2016-May,,,
103_2016-January,,,
104_2016-July,,,
104_2016-May,,,
104_2016-January,,,
105_2016-July,,,
105_2016-May,,,
105_2016-January,,,
106_2016-July,,,
106_2016-May,,,
106_2016-January,,,
107_2016-July,,,
107_2016-May,,,
107_2016-January,,,
108_2016-July,,,
108_2016-May,,,
108_2016-January,,,
109_2016-July,,,
109_2016-May,,,
109_2016-January,,,
110_2016-July,,,
110_2016-January,,,
111_2016-July,,,
111_2016-May,,,
111_2016-January,,,
112_2016-July,,,
112_2016-May,,,
112_2016-January,,,
113_2016-July,,,
113_2016-May,,,
113_2016-January,,,
114_2016-July,,,
114_2016-May,,,
114_2016-January,,,
115_2016-July,,,
115_2016-May,,,
115_2016-January,,,
116_2016-July,,,
116_2016-May,,,
116_2016-January,,,
117_2016-July,,,
117_2016-May,,,
117_2016-January,,,
118_2016-July,,,
118_2016-May,,,
118_2016-January,,,
119_2016-July,,,
119_2016-May,,,
119_2016-January,,,
120_2016-July,,,
120_2016-May,,,
120_2016-January,,,
121_2016-July,,,
121_2016-May,,,
121_2016-January,,,
122_2016-July,,,
122_2016-May,,,
122_2016-January,,,
123_2016-July,,,
123_2016-May,,,
123_2016-January,,,
124_2016-July,,,
124_2016-May,,,
124_2016-January,,,
125_2016-July,,,
125_2016-May,,,
125_2016-January,,,
126_2016-May,,,
127_2016-July,,,
127_2016-May,,,
127_2016-January,,,
128_2016-May,,,
128_2016-January,,,
129_2016-July,,,
129_2016-May,,,
129_2016-January,,,
130_2016-July,,,
130_2016-May,,,
130_2016-January,,,
131_2016-July,,,
131_2016-May,,,
131_2016-January,,,
132_2016-July,,,
132_2016-May,,,
132_2016-January,,,
133_2016-May,,,
133_2016-January,,,
134_2016-July,,,
134_2016-May,,,
134_2016-January,,,
135_2016-July,,,
135_2016-January,,,
136_2016-July,,,
136_2016-May,,,
136_2016-January,,,
137_2016-January,,,
138_2016-July,,,
139_2016-May,,,
139_2016-January,,,
140_2016-May,,,
140_2016-January,,,
141_2016-May,,,
141_2016-January,,,
142_2016-July,,,
142_2016-May,,,
142_2016-January,,,
143_2016-July,,,
143_2016-May,,,
143_2016-January,,,
144_2016-July,,,
144_2016-May,,,
144_2016-January,,,
145_2016-July,,,
145_2016-May,,,
145_2016-January,,,
146_2016-July,,,
146_2016-May,,,
146_2016-January,,,
147_2016-July,,,
147_2016-May,,,
147_2016-January,,,
148_2016-July,,,
148_2016-May,,,
148_2016-January,,,
149_2016-July,,,
149_2016-May,,,
149_2016-January,,,
150_2016-July,,,
150_2016-May,,,
150_2016-January,,,
151_2016-July,,,
151_2016-May,,,
151_2016-January,,,
152_2016-July,,,
152_2016-May,,,
152_2016-January,,,
153_2016-July,,,
153_2016-May,,,
153_2016-January,,,
154_2016-July,,,
154_2016-January,,,
155_2016-July,,,
155_2016-May,,,
155_2016-January,,,
156_2016-May,,,
156_2016-January,,,
157_2016-July,,,
157_2016-May,,,
157_2016-January,,,
158_2016-July,,,
158_2016-May,,,
158_2016-January,,,
159_2016-July,,,
159_2016-May,,,
159_2016-January,,,
160_2016-July,,,
160_2016-May,,,
160_2016-January,,,
161_2016-July,,,
161_2016-May,,,
161_2016-January,,,
162_2016-July,,,
162_2016-May,,,
162_2016-January,,,
163_2016-July,,,
163_2016-May,,,
163_2016-January,,,
164_2016-July,,,
164_2016-May,,,
164_2016-January,,,
165_2016-July,,,
165_2016-May,,,
165_2016-January,,,
166_2016-July,,,
166_2016-May,,,
166_2016-January,,,
167_2016-July,,,
167_2016-May,,,
167_2016-January,,,
168_2016-July,,,
168_2016-May,,,
168_2016-January,,,
169_2016-July,,,
169_2016-May,,,
169_2016-January,,,
170_2016-July,,,
170_2016-May,,,
170_2016-January,,,
171_2016-July,,,
171_2016-May,,,
171_2016-January,,,
172_2016-July,,,
172_2016-May,,,
173_2016-July,,,
173_2016-May,,,
173_2016-January,,,
174_2016-January,,,
175_2016-July,,,
175_2016-May,,,
175_2016-January,,,
176_2016-July,,,
176_2016-May,,,
176_2016-January,,,
177_2016-July,,,
177_2016-May,,,
177_2016-January,,,
178_2016-July,,,
178_2016-May,,,
178_2016-January,,,
179_2016-July,,,
179_2016-May,,,
179_2016-January,,,
180_2016-January,,,
181_2016-July,,,
181_2016-May,,,
181_2016-January,,,
182_2016-July,,,
182_2016-May,,,
182_2016-January,,,
183_2016-July,,,
183_2016-May,,,
183_2016-January,,,
184_2016-July,,,
184_2016-May,,,
184_2016-January,,,
185_2016-July,,,
185_2016-May,,,
185_2016-January,,,
186_2016-July,,,
186_2016-May,,,
186_2016-January,,,
187_2016-July,,,
187_2016-May,,,
187_2016-January,,,
188_2016-January,,,
175 #2_2016-January,,,
186#2_2016-January,,,
90 #2_2016-January,,,
Cook 1_2016-May,,,
Cook 1_2016-January,,,
OPU 1_2016-July,,,
OPU 1_2016-May,,,
OPU 1_2016-January,,,
OPU 2_2016-May,,,
OPU 2_2016-January,,,
3_2019-July,,,
4_2019-July,,,
8_2019-July,,,
22_2019-July,,,
27_2019-July,,,
31_2019-July,,,
33_2019-July,,,
35_2019-July,,,
37_2019-July,,,
43_2019-July,,,
46_2019-July,,,
47_2019-July,,,
50_2019-July,,,
60_2019-July,,,
63_2019-July,,,
65_2019-July,,,
66_2019-July,,,
67_2019-July,,,
68_2019-July,,,
72_2019-July,,,
73_2019-July,,,
74_2019-July,,,
75_2019-July,,,
76_2019-July,,,
77_2019-July,,,
78_2019-July,,,
83_2019-July,,,
86_2019-July,,,
89_2019-July,,,
91_2019-July,,,
92_2019-July,,,
93_2019-July,,,
94_2019-July,,,
95_2019-July,,,
98_2019-July,,,
101_2019-July,,,
102_2019-July,,,
106_2019-July,,,
108_2019-July,,,
111_2019-July,,,
112_2019-July,,,
113_2019-July,,,
114_2019-July,,,
118_2019-July,,,
119_2019-July,,,
120_2019-July,,,
122_2019-July,,,
123_2019-July,,,
128_2019-July,,,
130_2019-July,,,
131_2019-July,,,
132_2019-July,,,
133_2019-July,,,
134_2019-July,,,
140_2019-July,,,
146_2019-July,,,
147_2019-July,,,
148_2019-July,,,
149_2019-July,,,
152_2019-July,,,
161_2019-July,,,
163_2019-July,,,
166_2019-July,,,
167_2019-July,,,
169_2019-July,,,
170_2019-July,,,
171_2019-July,,,
175_2019-July,,,
181_2019-July,,,
185_2019-July,,,
187_2019-July,,,
LTER_1_Backreef_2019-July,,,
LTER_1_Fringe_2019-July,,,
LTER_2_Backreef_2019-July,,,
LTER_2_Fringe_2019-July,,,
LTER_3_Backreef_2019-July,,,
LTER_3_Fringe_2019-July,,,
LTER_4_Backreef_2019-July,,,
LTER_4_Fringe_2019-July,,,
LTER_5_Backreef_2019-July,,,
LTER_5_Fringe_2019-July,,,
LTER_6_Backreef_2019-July,,,
LTER_6_Fringe_2019-July,,,
Sofitel_2019-July,,,
2_2020-August,,,
3_2020-August,,,
4_2020-August,,,
6_2020-August,,,
7_2020-August,,,
8_2020-August,,,
9_2020-August,,,
10_2020-August,,,
11_2020-August,,,
12_2020-August,,,
13_2020-August,,,
14_2020-August,,,
15_2020-August,,,
16_2020-August,,,
17_2020-August,,,
19_2020-August,,,
22_2020-August,,,
24_2020-August,,,
25_2020-August,,,
26_2020-August,,,
27_2020-August,,,
30_2020-August,,,
31_2020-August,,,
32_2020-August,,,
33_2020-August,,,
34_2020-August,,,
35_2020-August,,,
36_2020-August,,,
37_2020-August,,,
38_2020-August,,,
39_2020-August,,,
40_2020-August,,,
41_2020-August,,,
42_2020-August,,,
43_2020-August,,,
44_2020-August,,,
45_2020-August,,,
46_2020-August,,,
47_2020-August,,,
50_2020-August,,,
51_2020-August,,,
52_2020-August,,,
53_2020-August,,,
54_2020-August,,,
56_2020-August,,,
57_2020-August,,,
58_2020-August,,,
59_2020-August,,,
60_2020-August,,,
61_2020-August,,,
62_2020-August,,,
63_2020-August,,,
64_2020-August,,,
65_2020-August,,,
66_2020-August,,,
67_2020-August,,,
68_2020-August,,,
69_2020-August,,,
70_2020-August,,,
71_2020-August,,,
72_2020-August,,,
73_2020-August,,,
74_2020-August,,,
75_2020-August,,,
76_2020-August,,,
77_2020-August,,,
78_2020-August,,,
80_2020-August,,,
81_2020-August,,,
82_2020-August,,,
83_2020-August,,,
84_2020-August,,,
85_2020-August,,,
86_2020-August,,,
87_2020-August,,,
88_2020-August,,,
89_2020-August,,,
90_2020-August,,,
91_2020-August,,,
92_2020-August,,,
93_2020-August,,,
94_2020-August,,,
95_2020-August,,,
96_2020-August,,,
97_2020-August,,,
98_2020-August,,,
99_2020-August,,,
100_2020-August,,,
101_2020-August,,,
102_2020-August,,,
103_2020-August,,,
104_2020-August,,,
105_2020-August,,,
106_2020-August,,,
107_2020-August,,,
110_2020-August,,,
111_2020-August,,,
112_2020-August,,,
113_2020-August,,,
114_2020-August,,,
115_2020-August,,,
116_2020-August,,,
117_2020-August,,,
118_2020-August,,,
119_2020-August,,,
120_2020-August,,,
121_2020-August,,,
122_2020-August,,,
123_2020-August,,,
124_2020-August,,,
125_2020-August,,,
126_2020-August,,,
127_2020-August,,,
128_2020-August,,,
129_2020-August,,,
130_2020-August,,,
131_2020-August,,,
132_2020-August,,,
133_2020-August,,,
134_2020-August,,,
135_2020-August,,,
136_2020-August,,,
137_2020-August,,,
138_2020-August,,,
139_2020-August,,,
140_2020-August,,,
141_2020-August,,,
142_2020-August,,,
143_2020-August,,,
144_2020-August,,,
145_2020-August,,,
146_2020-August,,,
147_2020-August,,,
148_2020-August,,,
149_2020-August,,,
150_2020-August,,,
151_2020-August,,,
152_2020-August,,,
153_2020-August,,,
154_2020-August,,,
155_2020-August,,,
156_2020-August,,,
157_2020-August,,,
158_2020-August,,,
159_2020-August,,,
160_2020-August,,,
161_2020-August,,,
162_2020-August,,,
163_2020-August,,,
164_2020-August,,,
165_2020-August,,,
166_2020-August,,,
167_2020-August,,,
168_2020-August,,,
169_2020-August,,,
170_2020-August,,,
171_2020-August,,,
172_2020-August,,,
173_2020-August,,,
175_2020-August,,,
176_2020-August,,,
177_2020-August,,,
178_2020-August,,,
179_2020-August,,,
180_2020-August,,,
181_2020-August,,,
182_2020-August,,,
183_2020-August,,,
184_2020-August,,,
185_2020-August,,,
186_2020-August,,,
187_2020-August,,,
188_2020-August,,,
200_2020-August,,,
201_2020-August,,,
202_2020-August,,,
203_2020-August,,,
204_2020-August,,,
205_2020-August,,,
206_2020-August,,,
207_2020-August,,,
208_2020-August,,,
209_2020-August,,,
Cook 1_2020-August,,,
LTER_3_Backreef_2020-August,,,
LTER_3_Fringe_2020-August,,,
LTER_6_Fringe_2020-August,,,
OPU 1_2020-August,,,
OPU 2_2020-August,,,
1_2021-May,Low Nutrient,-0.247310924,0.669768443
2_2021-May,Low Nutrient,-0.962569818,0.414394263
3_2021-May,Low Nutrient,-0.509988181,-1.515980457
4_2021-May,Low Nutrient,-0.692344881,-0.729704179
5_2021-May,Low Nutrient,0.15727898,-0.298511807
6_2021-May,High Nutrient,-1.843843137,0.108243531
7_2021-May,High Nutrient,-0.883157317,0.410185877
8_2021-May,Low Nutrient,-1.341449559,-0.239506121
9_2021-May,Low Nutrient,0.28406677,-0.745390758
10_2021-May,Low Nutrient,-2.38989354,-1.279454185
11_2021-May,High Nutrient,0.409223484,3.106253667
13_2021-May,High Nutrient,0.741807514,1.520770258
14_2021-May,Low Nutrient,-1.524743899,-1.699469059
15_2021-May,Low Nutrient,-0.609781085,-0.481844109
16_2021-May,High Nutrient,-0.383678371,4.130850161
17_2021-May,High Nutrient,-0.654265413,1.666222698
19_2021-May,High fDOM,4.345883607,0.58982844
20_2021-May,Low Nutrient,-1.858650322,-0.309296658
21_2021-May,Low Nutrient,-1.632881008,0.631170954
22_2021-May,Low Nutrient,-1.635322939,-0.542162387
24_2021-May,High Nutrient,-1.47939868,1.125390942
25_2021-May,Low Nutrient,-1.775526117,0.107536061
26_2021-May,Low Nutrient,-1.138428537,0.540965243
27_2021-May,Low Nutrient,-0.610789528,-1.113925566
28_2021-May,Low Nutrient,-1.701698663,-1.018115661
29_2021-May,Low Nutrient,-1.010613071,0.437708645
30_2021-May,Low Nutrient,-1.496494654,-1.429665133
31_2021-May,Low Nutrient,-1.971852574,-0.439970705
32_2021-May,Low Nutrient,-0.366250973,-1.072112964
34_2021-May,Low Nutrient,-0.517538795,-0.867227839
35_2021-May,Low Nutrient,-0.254310336,0.539565319
36_2021-May,Low Nutrient,-0.282068417,0.179616602
37_2021-May,Low Nutrient,-0.102671494,0.105033306
38_2021-May,Low Nutrient,-0.100318701,-0.629724695
39_2021-May,Low Nutrient,-0.054940143,-0.5592894
40_2021-May,Low Nutrient,-0.314347042,-0.28522616
41_2021-May,Low Nutrient,0.090758652,-0.898601983
42_2021-May,Low Nutrient,-0.100226051,-0.451404347
43_2021-May,Low Nutrient,-0.676102863,-0.599253158
44_2021-May,Low Nutrient,-0.708102537,-0.63874602
45_2021-May,Low Nutrient,-0.234804085,0.159264029
46_2021-May,Low Nutrient,-0.55722245,-0.155079878
47_2021-May,Low Nutrient,-0.579375555,-0.89126496
48_2021-May,Low Nutrient,-0.096237799,-0.341321477
50_2021-May,Low Nutrient,-0.608389327,-0.69833925
51_2021-May,Low Nutrient,0.297989282,0.76815708
52_2021-May,Low Nutrient,0.681538644,-0.592407286
53_2021-May,High Nutrient,0.853739357,0.892109846
54_2021-May,Low Nutrient,0.132094123,0.380580593
55_2021-May,Low Nutrient,0.081731582,1.399035664
56_2021-May,Low Nutrient,-0.879343433,-0.674477763
57_2021-May,Low Nutrient,-0.011265163,-0.404785626
58_2021-May,Low Nutrient,0.594449525,-1.036249647
59_2021-May,Low Nutrient,-1.866911407,-1.202266428
60_2021-May,Low Nutrient,0.167165467,-0.271043487
61_2021-May,Low Nutrient,-1.272470403,-1.164805516
62_2021-May,Low Nutrient,0.687744731,-1.245591018
63_2021-May,Low Nutrient,-0.100212187,-2.05742475
64_2021-May,Low Nutrient,-0.404321443,-1.564426718
65_2021-May,Low Nutrient,2.15922438,-1.442857902
66_2021-May,Low Nutrient,0.85679403,0.084485561
67_2021-May,High Nutrient,0.43806778,0.39300412
68_2021-May,Low Nutrient,-0.71270055,-1.42239149
69_2021-May,Low Nutrient,0.324799708,-0.552904931
70_2021-May,Low Nutrient,-0.059799951,-2.071957239
71_2021-May,Low Nutrient,-0.644150048,-1.944749751
72_2021-May,Low Nutrient,-0.793696355,-1.513679276
73_2021-May,Low Nutrient,-0.110617854,-2.066890431
74_2021-May,Low Nutrient,-0.92512141,-1.725466885
75_2021-May,Low Nutrient,-0.906893818,-1.543653755
76_2021-May,Low Nutrient,-0.409294327,-1.73176909
77_2021-May,Low Nutrient,0.000237124,-2.066651149
78_2021-May,Low Nutrient,-1.260802877,-1.983739784
79_2021-May,Low Nutrient,-1.575035894,-0.532958552
80_2021-May,Low Nutrient,0.177792447,0.656604866
81_2021-May,Low Nutrient,0.376303219,-0.049303591
82_2021-May,Low Nutrient,-0.675639902,-0.755144343
83_2021-May,Low Nutrient,-1.54322107,-0.595463522
84_2021-May,Low Nutrient,-0.843653375,-1.354353467
85_2021-May,Low Nutrient,-0.857647408,0.728630867
86_2021-May,Low Nutrient,-0.880473294,-0.87642246
87_2021-May,Low Nutrient,-1.016504003,0.905189059
89_2021-May,Low Nutrient,-1.135955307,0.194956137
90_2021-May,Low Nutrient,0.35030903,-0.696080625
91_2021-May,Low Nutrient,-0.580076718,-0.318087279
92_2021-May,Low Nutrient,-0.772360124,-1.347072912
93_2021-May,High fDOM,1.730390973,0.091277124
94_2021-May,Low Nutrient,-0.071782121,-0.602423992
95_2021-May,High fDOM,2.078163352,-1.098338837
96_2021-May,Low Nutrient,-0.089462207,1.015766543
97_2021-May,High fDOM,4.418432788,-1.905064945
98_2021-May,Low Nutrient,-0.497166829,-0.878553867
99_2021-May,Low Nutrient,-0.433670476,1.201223498
100_2021-May,Low Nutrient,-1.170712163,-1.227453233
101_2021-May,Low Nutrient,-0.193528066,-0.806590578
102_2021-May,Low Nutrient,-0.559449956,-1.339455758
103_2021-May,High Nutrient,-0.089404745,-0.53337741
104_2021-May,High fDOM,3.076513726,0.539008533
105_2021-May,High Nutrient,0.922820913,0.269257927
106_2021-May,Low Nutrient,0.195523076,-0.494376026
107_2021-May,Low Nutrient,0.289710124,-0.531761655
108_2021-May,Low Nutrient,-0.154937297,-0.97931341
109_2021-May,Low Nutrient,-0.6936717,-0.480237452
110_2021-May,Low Nutrient,0.784833408,-0.263289538
111_2021-May,Low Nutrient,0.194681335,-1.853198454
112_2021-May,Low Nutrient,0.05616666,-0.841366175
113_2021-May,High fDOM,4.384637117,1.473624646
114_2021-May,Low Nutrient,-1.049630763,-1.138534258
115_2021-May,Low Nutrient,-0.675777516,-0.772236397
116_2021-May,Low Nutrient,-0.227133843,-1.069754239
117_2021-May,Low Nutrient,0.06084693,-0.045209034
118_2021-May,Low Nutrient,-0.502030166,-0.411602451
119_2021-May,Low Nutrient,-0.949620518,-0.865750463
120_2021-May,Low Nutrient,-0.586335447,-0.317448721
121_2021-May,Low Nutrient,-0.068578861,-0.290273204
122_2021-May,Low Nutrient,-1.246007791,-0.302872099
123_2021-May,Low Nutrient,0.158870339,0.174797144
125_2021-May,High Nutrient,0.571096169,0.903354671
126_2021-May,High fDOM,1.818198021,1.578474906
127_2021-May,Low Nutrient,0.501593265,0.233328071
128_2021-May,Low Nutrient,-1.739650571,0.089544479
129_2021-May,High Nutrient,-0.761339081,1.10670298
130_2021-May,Low Nutrient,-1.560566737,0.374185669
131_2021-May,Low Nutrient,-1.131797885,0.548133702
132_2021-May,Low Nutrient,-0.453210525,0.712512207
133_2021-May,High Nutrient,-1.37331537,0.308628058
134_2021-May,Low Nutrient,0.569401514,-0.673479898
136_2021-May,High fDOM,1.519592752,-0.781667659
137_2021-May,Low Nutrient,-0.555560462,-0.48106272
138_2021-May,Low Nutrient,-0.006702597,-0.18652624
139_2021-May,High Nutrient,-0.924792166,1.291800167
140_2021-May,High Nutrient,0.052631296,1.891365556
141_2021-May,High Nutrient,1.118240851,1.828051961
142_2021-May,Low Nutrient,0.647038458,0.143822791
143_2021-May,High Nutrient,1.533935163,1.575943005
144_2021-May,High fDOM,6.691929562,-0.055713869
145_2021-May,High Nutrient,0.856957031,1.999365399
146_2021-May,Low Nutrient,0.03601184,-0.190739315
147_2021-May,Low Nutrient,0.215614533,-0.382638357
148_2021-May,,,
149_2021-May,High fDOM,4.075019392,-0.339480616
150_2021-May,Low Nutrient,0.334129877,-0.530957389
151_2021-May,Low Nutrient,-1.134994629,0.548294993
152_2021-May,Low Nutrient,0.479154055,0.321125646
153_2021-May,Low Nutrient,-0.292973853,0.324961331
154_2021-May,Low Nutrient,-0.591933511,0.29041419
155_2021-May,Low Nutrient,0.229239556,-0.048490818
156_2021-May,High fDOM,2.183979561,0.645021987
157_2021-May,High Nutrient,0.210055899,0.621563197
158_2021-May,Low Nutrient,-0.085840348,0.087513837
159_2021-May,Low Nutrient,-0.176611829,0.145810776
160_2021-May,High fDOM,4.148876122,0.687268533
161_2021-May,Low Nutrient,-0.429488024,-0.852197014
162_2021-May,High Nutrient,0.310354513,1.349090213
163_2021-May,Low Nutrient,-0.968017275,-0.263329939
164_2021-May,Low Nutrient,-1.015657629,-0.082671687
165_2021-May,High Nutrient,1.39980059,1.030405608
166_2021-May,Low Nutrient,-1.162999456,-0.373153406
167_2021-May,Low Nutrient,-0.501568736,0.203974106
168_2021-May,Low Nutrient,0.354800939,-1.008078089
169_2021-May,Low Nutrient,0.29931937,0.22533077
170_2021-May,Low Nutrient,0.177925706,0.3622377
171_2021-May,Low Nutrient,0.044581906,0.491031682
172_2021-May,Low Nutrient,0.064941711,1.64631644
173_2021-May,Low Nutrient,-0.812904053,0.456573093
175_2021-May,Low Nutrient,-0.415520528,-0.06891562
176_2021-May,High Nutrient,0.377599773,1.925221263
178_2021-May,High Nutrient,0.733913534,2.242047892
179_2021-May,Low Nutrient,-0.302415794,-0.526067461
180_2021-May,Low Nutrient,-0.140396072,1.067900714
181_2021-May,Low Nutrient,-0.194503144,-0.265036591
182_2021-May,Low Nutrient,0.7474416,-0.154795885
183_2021-May,Low Nutrient,-0.895790423,-0.194237548
184_2021-May,Low Nutrient,0.104482041,-0.334272469
185_2021-May,Low Nutrient,-0.54629943,0.024634889
186_2021-May,Low Nutrient,-0.891799972,0.624563989
187_2021-May,Low Nutrient,-0.43940364,0.038983356
188_2021-May,Low Nutrient,-0.365926999,-0.00524562
200_2021-May,Low Nutrient,-0.216573123,0.642041
201_2021-May,Low Nutrient,0.147881375,-0.706690111
202_2021-May,High Nutrient,0.658214437,3.327883963
203_2021-May,High Nutrient,2.428396837,2.551570296
204_2021-May,High Nutrient,2.304834776,0.460848482
205_2021-May,High Nutrient,1.828750654,5.712607459
206_2021-May,Low Nutrient,0.263948695,1.054768347
207_2021-May,Low Nutrient,0.604774844,1.008892672
208_2021-May,High Nutrient,2.693136461,3.579114974
209_2021-May,Low Nutrient,-0.062528034,0.186516557
210_2021-May,High Nutrient,0.630162517,1.87171261
Cook 1_2021-May,High Nutrient,0.336077198,0.88798808
LTER_3_Backreef_2021-May,Low Nutrient,-0.705181318,-1.225227272
LTER_3_Fringe_2021-May,Low Nutrient,-0.372770591,-0.285086257
LTER_6_Fringe_2021-May,High Nutrient,1.190407252,2.574907361
OPU 1_2021-May,High Nutrient,2.3244928,1.062936512
OPU 2_2021-May,High Nutrient,1.765045813,4.378891648
1_2022-April,High fDOM,6.932536671,-1.06729252
2_2022-April,Low Nutrient,0.183835068,0.440470175
3_2022-April,Low Nutrient,1.461964258,-1.426949855
4_2022-April,High Nutrient,1.240738118,4.571380339
5_2022-April,Low Nutrient,1.218181407,-0.516813269
6_2022-April,Low Nutrient,0.076282197,-0.322244897
7_2022-April,Low Nutrient,0.551188565,-0.281049337
8_2022-April,High Nutrient,-3.046785281,2.150146647
9_2022-April,Low Nutrient,-2.914366944,-1.41833419
10_2022-April,High Nutrient,-2.667313246,0.791969254
11_2022-April,Low Nutrient,-0.179728748,0.077332592
12_2022-April,,,
13_2022-April,High Nutrient,-2.965502884,1.203000805
14_2022-April,Low Nutrient,0.006065212,-0.258318001
15_2022-April,High Nutrient,2.591083608,1.088211751
16_2022-April,High Nutrient,3.453801438,1.491697007
17_2022-April,High Nutrient,2.321249793,1.334371374
19_2022-April,,,
20_2022-April,Low Nutrient,1.739246562,0.015689675
21_2022-April,High Nutrient,1.005399246,1.985923518
22_2022-April,High fDOM,3.963825157,-3.248994581
24_2022-April,High Nutrient,0.465721768,1.081521925
25_2022-April,High Nutrient,-1.311020831,1.381380125
26_2022-April,High Nutrient,0.849748279,-0.570116772
27_2022-April,,,
28_2022-April,Low Nutrient,-0.112665678,0.253546752
29_2022-April,High Nutrient,1.544890037,-0.179726667
31_2022-April,High Nutrient,-2.616924787,0.909468157
32_2022-April,Low Nutrient,-2.196067636,-0.252667033
33_2022-April,High Nutrient,1.069725652,-0.652895875
34_2022-April,Low Nutrient,-0.239601971,-0.461369847
35_2022-April,,,
36_2022-April,High Nutrient,0.481047719,3.254195064
37_2022-April,Low Nutrient,1.355080756,-0.39958277
38_2022-April,High Nutrient,2.539772544,-1.298223302
39_2022-April,High Nutrient,0.69636304,0.308884814
40_2022-April,High Nutrient,-0.856115463,1.199266291
41_2022-April,Low Nutrient,-0.631221606,0.22302237
42_2022-April,High fDOM,6.818355702,-0.152998955
43_2022-April,High fDOM,4.663632451,-0.097724432
44_2022-April,,,
45_2022-April,,,
46_2022-April,Low Nutrient,0.348873243,-0.436003294
47_2022-April,Low Nutrient,1.000341741,-1.220108473
48_2022-April,Low Nutrient,0.467095711,0.117253745
49_2022-April,High Nutrient,-0.937666304,1.882179622
50_2022-April,Low Nutrient,-2.017978581,0.117061824
51_2022-April,High Nutrient,1.998111487,0.043881767
52_2022-April,High Nutrient,-1.242630572,1.710374203
53_2022-April,High Nutrient,1.571515436,2.684337825
54_2022-April,Low Nutrient,0.773381764,-1.188624051
55_2022-April,Low Nutrient,-0.419648026,-1.255853383
56_2022-April,Low Nutrient,-0.350474226,-0.347506704
57_2022-April,High fDOM,8.194469632,-2.259976236
58_2022-April,,,
59_2022-April,Low Nutrient,-0.025783084,-0.652215968
60_2022-April,Low Nutrient,0.066219783,-0.700095482
61_2022-April,High Nutrient,4.579119053,2.32876537
62_2022-April,,,
63_2022-April,,,
64_2022-April,High fDOM,2.900310976,-1.931085985
65_2022-April,Low Nutrient,0.085185516,-0.686901
66_2022-April,High fDOM,5.20096615,-1.541963931
67_2022-April,High Nutrient,0.485379362,-0.386713718
68_2022-April,High Nutrient,0.08375199,3.107884153
69_2022-April,Low Nutrient,-0.418130945,-1.422527569
70_2022-April,High Nutrient,-2.549264075,1.171768524
71_2022-April,Low Nutrient,-1.283132608,-0.570137946
72_2022-April,,,
73_2022-April,Low Nutrient,0.447793619,-2.425386736
74_2022-April,Low Nutrient,-0.623815767,0.10937732
75_2022-April,Low Nutrient,0.460410675,-0.9830076
76_2022-April,Low Nutrient,-0.560862175,0.482713528
77_2022-April,Low Nutrient,-0.203526562,0.20656773
78_2022-April,Low Nutrient,0.431558435,-0.23030021
79_2022-April,High fDOM,4.596274246,-1.001587057
80_2022-April,Low Nutrient,-0.610556378,0.219712426
81_2022-April,Low Nutrient,-1.512986884,-1.561279475
82_2022-April,Low Nutrient,-2.011148931,-2.430461666
83_2022-April,Low Nutrient,-1.479830844,-1.650367496
84_2022-April,High Nutrient,-0.105293232,2.603532366
85_2022-April,Low Nutrient,-1.499119475,-2.150376784
86_2022-April,Low Nutrient,-0.651256092,-1.466633454
87_2022-April,Low Nutrient,-1.420032425,-0.556359712
89_2022-April,Low Nutrient,-1.134606193,-1.19996115
90_2022-April,Low Nutrient,-1.418575771,-1.825806179
91_2022-April,Low Nutrient,-1.674835601,-0.685089461
92_2022-April,Low Nutrient,-1.187798941,-1.568416812
93_2022-April,Low Nutrient,-1.674322601,-0.546067924
94_2022-April,Low Nutrient,-1.391882084,-0.893053062
95_2022-April,Low Nutrient,-1.16253855,-0.881051779
96_2022-April,Low Nutrient,-0.694696869,0.618675441
98_2022-April,Low Nutrient,-1.913724754,-1.284183987
99_2022-April,,,
100_2022-April,Low Nutrient,-1.27600237,-2.412658852
101_2022-April,Low Nutrient,-1.294150274,-2.740364094
102_2022-April,High Nutrient,-1.841002996,0.039245193
103_2022-April,Low Nutrient,1.408714086,-0.330072823
104_2022-April,High Nutrient,-1.465553567,1.780800627
105_2022-April,High Nutrient,-0.819477784,0.696015889
106_2022-April,Low Nutrient,-0.065647342,-0.739695459
107_2022-April,High fDOM,2.864182245,-0.887103327
108_2022-April,High Nutrient,-2.330017532,0.276681139
109_2022-April,Low Nutrient,-1.069190177,-0.698087066
110_2022-April,High Nutrient,-1.65080256,0.064993752
111_2022-April,Low Nutrient,-1.018457275,-0.385465515
112_2022-April,High Nutrient,-1.148466305,1.019302531
113_2022-April,High Nutrient,-1.026333303,2.365571887
114_2022-April,Low Nutrient,0.509414824,-0.68577101
115_2022-April,High Nutrient,-1.153371538,2.745404671
116_2022-April,High Nutrient,-0.692487526,0.994832421
117_2022-April,Low Nutrient,0.252568955,-0.960379132
118_2022-April,Low Nutrient,0.353303397,0.59414
119_2022-April,High Nutrient,-2.71073376,2.249419574
120_2022-April,Low Nutrient,-1.52912013,-1.162455654
121_2022-April,,,
123_2022-April,Low Nutrient,1.082496705,-0.962545675
126_2022-April,High fDOM,1.245679906,1.004943137
127_2022-April,High Nutrient,0.595485111,0.108364184
128_2022-April,High Nutrient,2.183939824,1.05057347
129_2022-April,,,
130_2022-April,Low Nutrient,-0.190223037,0.360908851
131_2022-April,High Nutrient,-2.186495186,0.425084866
132_2022-April,High Nutrient,0.425207881,0.212920121
133_2022-April,Low Nutrient,-1.097830109,-0.435431603
134_2022-April,High Nutrient,0.254793979,0.020494847
135_2022-April,High fDOM,4.390569013,-1.706335691
136_2022-April,High fDOM,7.530982013,-0.609477077
137_2022-April,High Nutrient,-2.339073081,3.296302718
138_2022-April,Low Nutrient,-0.176075331,0.40781488
139_2022-April,Low Nutrient,0.682657168,0.132127075
140_2022-April,High Nutrient,-1.292468522,3.581146732
142_2022-April,,,
143_2022-April,Low Nutrient,-0.583147352,-0.248792036
144_2022-April,High fDOM,3.064086507,0.481602931
145_2022-April,High Nutrient,2.16125281,1.909271781
146_2022-April,High fDOM,3.317382783,-1.452567123
147_2022-April,,,
148_2022-April,High Nutrient,-3.797715714,4.11815091
149_2022-April,,,
150_2022-April,High Nutrient,-1.472210618,1.893528878
151_2022-April,,,
152_2022-April,,,
153_2022-April,Low Nutrient,-1.066661113,0.248771794
154_2022-April,Low Nutrient,-1.578196665,-0.011136949
155_2022-April,High Nutrient,-1.388491851,0.758716771
156_2022-April,High Nutrient,-0.683679264,0.58409275
157_2022-April,High Nutrient,-3.375444799,4.821862905
158_2022-April,High fDOM,4.821252213,-0.62310465
159_2022-April,Low Nutrient,-0.729527709,-2.998758054
160_2022-April,High fDOM,4.719949749,-0.734397462
161_2022-April,High fDOM,5.265998126,-2.434714478
162_2022-April,Low Nutrient,-0.470358488,1.143198799
163_2022-April,Low Nutrient,-1.259261809,-1.686481498
164_2022-April,Low Nutrient,-1.98634462,-0.493857212
165_2022-April,Low Nutrient,-1.093275904,-0.553341164
166_2022-April,Low Nutrient,-0.820436688,-2.225538552
167_2022-April,Low Nutrient,-1.833637125,-0.340118565
168_2022-April,Low Nutrient,-1.585421061,-0.533973215
169_2022-April,Low Nutrient,-1.765831236,-0.902702763
170_2022-April,Low Nutrient,-1.426462995,-1.680206875
171_2022-April,Low Nutrient,-1.296022914,-0.432691
172_2022-April,High Nutrient,1.80498008,1.012158714
173_2022-April,High Nutrient,0.943616933,-0.392575459
175_2022-April,High Nutrient,0.460069354,0.085316948
176_2022-April,Low Nutrient,-0.874419577,-1.154575553
177_2022-April,Low Nutrient,-1.63681522,-1.377133231
178_2022-April,Low Nutrient,-1.004226875,0.197470931
179_2022-April,Low Nutrient,-1.249485485,-2.464215993
180_2022-April,Low Nutrient,-0.65640093,-0.039321144
181_2022-April,Low Nutrient,-1.25008248,-3.435166522
182_2022-April,Low Nutrient,-2.458531231,-3.391906277
183_2022-April,Low Nutrient,-1.959388581,-1.986548135
184_2022-April,Low Nutrient,-0.13148902,0.680853789
185_2022-April,Low Nutrient,-1.509931112,-2.314456526
186_2022-April,High Nutrient,0.107266048,-0.5898303
187_2022-April,Low Nutrient,-1.005137901,-2.020618858
188_2022-April,Low Nutrient,-1.75436293,-1.72536629
200_2022-April,High Nutrient,1.180273182,0.248365706
201_2022-April,High Nutrient,1.662882036,0.673150056
202_2022-April,High Nutrient,-0.4532388,2.770899767
203_2022-April,High Nutrient,-1.747041641,2.665157954
204_2022-April,High Nutrient,0.05888011,1.756996693
205_2022-April,,,
206_2022-April,,,
208_2022-April,High Nutrient,-1.222812506,3.230518503
209_2022-April,Low Nutrient,-1.917799905,-0.847882298
Cook 1_2022-April,,,
LTER_3_Backreef_2022-April,Low Nutrient,0.280627564,-1.261243304
LTER_3_Fringe_2022-April,Low Nutrient,0.253888541,-1.093067774
LTER_6_Fringe_2022-April,High Nutrient,-0.938920486,2.120345046
OPU 1_2022-April,High Nutrient,-1.427472886,5.089289369
OPU 2_2022-April,High Nutrient,-0.617675443,4.567416999
